Product,Worth,Picture
รถยนต์ อุปกรณ์และส่วนประกอบ,61599,https://thaiengine.org/wp-content/uploads/2017/01/gm-thailand-built-in-quality-assembly-plant-01.jpg
อัญมณีและเครื่องประดับ,52093,https://lh3.googleusercontent.com/proxy/ITaTfFZOREaaZwLBvQl5empNNZMo42sLCUzadPcZa89y5RfYX5P0FdKdgJKDaZQVS2r2VXVzYPobt4AV21pGVEz-iDiNuxjI4Hsp5P28n5XtEWqgeZgIuWwMmhMYPjfXWSLK
เครื่องคอมพิวเตอร์ อุปกรณ์และส่วนประกอบ,43490,https://preeya034.files.wordpress.com/2014/10/images-3.jpg
ผลิตภัณฑ์ยาง,28072,https://www.thairath.co.th/media/dFQROr7oWzulq5FZYRjjCKHo520C0jb9wMm4Ub1g8mCNrVltcLhsZyGF6SQiC8gsD7N.jpg
น้ำมันสำเร็จรูป,20060,https://industry-media.com/media/k2/items/cache/201bd62c004030ca362fe962affecde5_XL.jpg
เม็ดพลาสติก,19946,https://www.kingcolor.co.th/wp-content/uploads/2019/04/%E0%B9%80%E0%B8%A1%E0%B9%87%E0%B8%94%E0%B8%AA%E0%B8%B5%E0%B8%9E%E0%B8%A5%E0%B8%B2%E0%B8%AA%E0%B8%95%E0%B8%B4%E0%B8%81-%E0%B8%84%E0%B8%B7%E0%B8%AD%E0%B8%AD%E0%B8%B0%E0%B9%84%E0%B8%A3.jpg
เครื่องจักรกลและส่วนประกอบของเครื่องจักรกล,17983,https://f51165.files.wordpress.com/2015/12/e0b980e0b884e0b8a3e0b8b7e0b988e0b8ade0b887e0b888e0b8b1e0b881e0b8a3e0b881e0b8a5e0b981e0b8a5e0b8b0e0b8aae0b988e0b8a7e0b899e0b89be0b8a3.jpg?w=400
เคมีภัณฑ์,17371,https://inwfile.com/s-cv/tcaa2u.jpg
แผงวงจรไฟฟ้า,16500,https://www.smeleader.com/wp-content/uploads/2019/11/%E0%B9%82%E0%B8%A3%E0%B8%87%E0%B8%87%E0%B8%B2%E0%B8%99%E0%B8%AD%E0%B8%B4%E0%B9%80%E0%B8%A5%E0%B9%87%E0%B8%81%E0%B8%97%E0%B8%A3%E0%B8%AD%E0%B8%99%E0%B8%B4%E0%B8%81%E0%B8%AA%E0%B9%8C-1-660x330.jpg
เครื่องปรับอากาศและส่วนประกอบ,15807,https://www.airlakatook.co.th/wp-content/uploads/2016/03/583f024f4d608.jpg